;title_name;first_name;last_name;gender;date_dob;age_dob;country_location;state_location;city_location;phone;cell
0;Mr;Warren;Martin;male;09/02/1996;27;Ireland;Cavan;Thurles;041-226-7545;081-486-1496
1;Ms;Amanda;da Cruz;female;30/10/1999;23;Brazil;Minas Gerais;Várzea Grande;(29) 4401-9462;(42) 7269-2616
2;Mrs;Wilfriede;Hörmann;female;03/10/1948;74;Germany;Rheinland-Pfalz;Breisgau-Hochschwarzwald;0322-2136116;0177-4327697
3;Mr;Harold;Carpenter;male;08/10/1977;45;United States;North Carolina;College Station;(612) 518-2751;(786) 804-3574
4;Mrs;Aayushi;Rajesh;female;06/04/1968;54;India;Puducherry;Machilipatnam;8742387477;7215862039
5;Mr;Salvador;Peters;male;09/01/1964;59;Australia;Western Australia;Maitland;04-7453-8674;0435-666-022
6;Mrs;Hithakshi;Salian;female;03/03/1988;34;India;Daman and Diu;Narasaraopet;8208922523;9469254045
7;Mr;Janko;Šijan;male;18/04/1947;75;Serbia;Prizren;Bačka Palanka;038-0012-522;067-2692-366
8;Miss;Frances;Harper;female;05/09/1964;58;Australia;South Australia;Sunshine Coast;08-6036-9541;0462-142-209
9;Mr;Bilovid;Romanishin;male;26/12/1997;25;Ukraine;Ivano-Frankivska;Busk;(068) S08-6034;(099) M17-3527
10;Miss;Agafonika;Berdnik;female;19/09/1950;72;Ukraine;Vinnicka;Pustomiti;(099) I39-7283;(066) K06-0401
11;Mr;George;Wang;male;14/09/1970;52;New Zealand;Hawke'S Bay;Nelson;(524)-888-9746;(153)-821-3427
12;Ms;Susan;Lambrecht;female;23/02/1972;51;Germany;Nordrhein-Westfalen;Lößnitz;0592-2632486;0173-5588374
13;Mrs;Emily;Andersen;female;07/10/1980;42;Denmark;Hovedstaden;Tisvilde;55847976;45437956
14;Ms;María;Giménez;female;20/12/1954;68;Spain;Navarra;Madrid;926-207-074;631-806-183
15;Mrs;Pallavi;Padmanabha;female;28/07/1958;64;India;Karnataka;Katni;9358805169;8760614914
16;Mrs;Celestine;Robin;female;01/12/1985;37;France;Somme;Saint-Denis;02-43-28-55-27;06-70-11-11-37
17;Mr;Elijah;Lee;male;16/11/1960;62;New Zealand;Bay of Plenty;Lower Hutt;(616)-465-8340;(868)-050-1047
18;Mr;Raymond;Keitel;male;09/12/1950;72;Germany;Saarland;Osterholz;0670-1307245;0178-0519606
19;Mr;Nihal;Nalbantoğlu;male;23/02/1961;62;Turkey;Bingöl;Batman;(875)-813-1649;(986)-541-3466
20;Mr;Luis Manuel;Barela;male;22/12/1970;52;Mexico;Sinaloa;Parrilla Primera Sección;(676) 220 5431;(676) 350 3245
21;Ms;María José;Arevalo;female;09/12/1963;59;Mexico;Durango;Halacho;(659) 889 5156;(635) 439 0192
22;Mr;Torbjørn;Korslund;male;25/04/1987;35;Norway;Buskerud;Løstad;55389561;99742710
23;Mademoiselle;Jasmine;Pierre;female;13/02/1968;55;Switzerland;St. Gallen;Beatenberg;077 931 10 63;075 677 64 92
24;Madame;Sylvie;Marchand;female;17/12/1966;56;Switzerland;Schaffhausen;Gruyères;075 818 54 21;075 614 25 32
25;Miss;آوا;حیدری;female;26/11/1987;35;Iran;سیستان و بلوچستان;یزد;002-76170791;0945-714-5591
26;Mr;Polat;Exterkate;male;19/09/1955;67;Netherlands;Flevoland;Goingarijp;(078) 9430330;(06) 22922866
27;Mrs;Tyra;Waage;female;01/09/1980;42;Norway;Buskerud;Skiptvet;38485025;40785989
28;Mr;Francisco Javier;Colón;male;25/08/1980;42;Mexico;Tabasco;Marte R. Gómez (Tobarito);(690) 736 3867;(682) 129 4345
29;Mr;Kadir;Polat;male;24/12/1973;49;Turkey;Bursa;Kütahya;(074)-284-7879;(347)-422-2567
30;Mr;Shaun;Hopkins;male;22/12/1981;41;Ireland;Sligo;Laytown-Bettystown-Mornington;071-705-5462;081-383-7733
31;Mr;Manthan;Namnaik;male;27/10/1961;61;India;Meghalaya;Khammam;8910188573;8033752671
32;Ms;Kate;Lewis;female;09/04/1954;68;Ireland;Limerick;Kilcoole;021-377-0864;081-317-8377
33;Ms;Edenira;Castro;female;24/06/1986;36;Brazil;Acre;Juiz de Fora;(88) 3098-7111;(64) 8633-8941
34;Mr;رضا;حسینی;male;30/01/1956;67;Iran;البرز;خرم‌آباد;081-13047714;0978-441-1457
35;Mademoiselle;Rosmarie;Muller;female;08/06/1978;44;Switzerland;Luzern;Bussy-sur-Moudon;078 851 89 12;079 096 65 78
36;Mr;Jasper;Turner;male;16/02/1948;75;New Zealand;Bay of Plenty;Napier;(336)-415-9930;(293)-668-0919
37;Mr;Max;Williams;male;12/10/1982;40;New Zealand;Taranaki;Dunedin;(169)-656-2663;(167)-932-9654
38;Ms;Indira;Garica;female;16/02/1999;24;Mexico;Guanajuato;Cuachila;(674) 212 0459;(620) 562 0106
39;Mr;Alex;Roberts;male;21/12/1994;28;New Zealand;Waikato;Whangarei;(400)-502-7704;(068)-091-7208
40;Mr;Nicklas;Johansen;male;18/12/1986;36;Denmark;Sjælland;Sundby/Erslev;13805282;23804348
41;Mr;Branko;Erdmann;male;08/02/1951;72;Germany;Schleswig-Holstein;Aichach-Friedberg;0629-2717387;0173-6581559
42;Miss;Zoé;Ballesteros;female;24/11/1971;51;Mexico;Michoacan;Imuris;(665) 476 5211;(680) 912 4141
43;Mrs;Swarna;Nayak;female;25/10/1947;75;India;Himachal Pradesh;Mira-Bhayandar;7145344863;9134373922
44;Ms;Asmee;Kulkarni;female;02/10/1978;44;India;Chandigarh;Berhampur;8241199945;9557419088
45;Mr;Lewis;Boyd;male;21/04/1995;27;United States;Pennsylvania;Oceanside;(373) 551-9508;(203) 479-1682
46;Mr;Luuk;De Cock;male;05/10/1974;48;Netherlands;Flevoland;Azewijn;(0259) 586824;(06) 09123932
47;Miss;Ayse;Eisner;female;13/05/1998;24;Germany;Saarland;Freinsheim;0912-6624093;0176-8251045
48;Ms;Anna-Luise;Mauer;female;05/02/1947;76;Germany;Hessen;Bad Schandau;0450-8451859;0170-4855895
49;Mrs;Yusra;Rana;female;13/08/1950;72;Norway;Aust-Agder;Askjem;32227859;44613312
50;Miss;Megan;Stone;female;28/10/1947;75;United States;Arkansas;Arvada;(226) 690-3357;(905) 834-1947
51;Mr;Augusto;Guerrero;male;16/01/1991;32;Mexico;Tamaulipas;Luchana;(627) 432 4868;(679) 020 7925
52;Mrs;Jacquelien;Corvers;female;24/10/1946;76;Netherlands;Noord-Holland;Neer;(0750) 506814;(06) 73883642
53;Mr;Jonas;Jørgensen;male;03/02/1986;37;Denmark;Nordjylland;Billum;12488260;72810629
54;Mr;Joscha;Holzapfel;male;05/01/1959;64;Germany;Niedersachsen;Butzbach;0664-8898479;0179-7340861
55;Mr;Colin;Midtgård;male;23/12/1945;77;Norway;Sogn og Fjordane;Lervik;68734862;40987629
56;Mrs;Lori;Olson;female;06/03/1990;32;Australia;Queensland;Darwin;09-0838-0312;0427-363-529
57;Ms;Ane;Leonhardsen;female;28/12/1998;24;Norway;Sør-Trøndelag;Eina;62960738;92967468
58;Mr;Bradley;Garrett;male;20/07/1972;50;United Kingdom;Tyne and Wear;Newport;013873 07916;07922 534508
59;Mrs;Shobha;Gatty;female;30/11/1962;60;India;Maharashtra;Rohtak;7105217114;8148501387
60;Mr;Edmero;Oliveira;male;15/02/1972;51;Brazil;Tocantins;Santa Rita;(33) 1576-9128;(51) 4665-9074
61;Mr;Hugh;Lambert;male;01/05/1953;69;United States;Kansas;San Diego;(403) 655-8829;(462) 235-4113
62;Mr;Rusan;Dovgopoliy;male;22/09/1997;25;Ukraine;Odeska;Gorodnya;(098) W02-2868;(096) R27-5418
63;Mr;Efe;Ekici;male;27/03/1992;30;Turkey;Uşak;Adana;(614)-447-8787;(037)-948-6817
64;Mr;Harold;Thompson;male;22/09/1954;68;United Kingdom;Strathclyde;Gloucester;020 8899 7883;07235 899529
65;Mrs;Verónica;Suarez;female;25/06/1988;34;Spain;Islas Baleares;Pontevedra;973-519-436;694-373-531
66;Mrs;Maeva;Ma;female;02/02/1984;39;Canada;Nova Scotia;Chelsea;I61 J17-2732;C14 U55-0656
67;Miss;Buse;Okur;female;06/09/1966;56;Turkey;Nevşehir;Bursa;(825)-870-3033;(526)-507-8737
68;Mr;Kristijan;Tešić;male;07/12/1976;46;Serbia;Kolubara;Leposavić;013-2920-612;061-9949-483
69;Mr;Vivek;Singh;male;17/08/1988;34;India;Tripura;Burhanpur;7977080160;7489184380
70;Mr;Topias;Manni;male;12/08/1967;55;Finland;Åland;Juankoski;04-247-580;045-755-90-74
71;Mr;Dar;Yastrzhembskiy;male;18/09/1999;23;Ukraine;Harkivska;Novgorod-Siverskiy;(097) H45-4458;(067) M05-7207
72;Mr;Paul;Bielefeld;male;05/03/1957;65;Germany;Brandenburg;Kraichtal;0933-4529892;0174-2374148
73;Mrs;Marie;Rolland;female;24/11/1985;37;France;Haute-Marne;Perpignan;02-94-71-98-69;06-12-64-67-85
74;Mr;Dwight;Chapman;male;01/10/1972;50;United Kingdom;Cambridgeshire;Dundee;013873 51774;07605 371535
75;Ms;Romana;De Vlaming;female;11/06/1991;31;Netherlands;Flevoland;Hardenberg;(0685) 747975;(06) 01450032
76;Miss;Emy;Carpentier;female;02/10/1975;47;France;Territoire De Belfort;Roubaix;02-92-53-84-90;06-67-47-89-11
77;Mr;Branko;Paunović;male;31/08/1949;73;Serbia;Podunavlje;Bačka Palanka;023-1408-088;069-4487-994
78;Mrs;Esparta;Villagómez;female;06/12/1979;43;Mexico;Michoacan;Huimanguillo;(689) 655 6782;(689) 015 0778
79;Monsieur;Jean-Paul;Fleury;male;05/09/1985;37;Switzerland;Zürich;Lonay;075 963 64 44;079 843 20 32
80;Mr;Rafayil;Pilipchuk;male;16/03/1961;61;Ukraine;Zhitomirska;Kalinivka;(098) U79-5244;(099) A72-0695
81;Miss;Mihaylina;Lukomskiy;female;05/01/1954;69;Ukraine;Kirovogradska;Ilovaysk;(096) L65-8336;(096) O99-9324
82;Mr;Nurullah;Vermaat;male;31/12/1978;44;Netherlands;Gelderland;Schijf;(0240) 448894;(06) 68417313
83;Mr;Felix;Roy;male;30/06/1946;76;Canada;British Columbia;Sidney;X75 J79-9178;T00 O45-7747
84;Miss;Isabella;Young;female;01/08/1965;57;Canada;Newfoundland and Labrador;Chelsea;B71 L64-2633;C25 W28-4028
85;Ms;فاطمه;پارسا;female;12/11/1974;48;Iran;کهگیلویه و بویراحمد;ملارد;031-43018120;0943-943-3604
86;Mr;Ernesto;Santos;male;11/10/1966;56;Spain;Castilla y León;Jerez de la Frontera;916-307-332;699-222-740
87;Mr;Magno;Silveira;male;22/03/1991;31;Brazil;Maranhão;Alagoinhas;(61) 0539-1961;(92) 9790-5058
88;Mrs;Melodie;Margaret;female;01/06/1965;57;Canada;British Columbia;St. George;C45 Y37-8176;B62 B08-8188
89;Madame;Slavica;Rodriguez;female;08/04/2001;21;Switzerland;Jura;Renan (Be);076 748 41 52;076 230 10 24
90;Ms;Lueli;Rodrigues;female;17/03/1946;76;Brazil;Rio Grande do Sul;Varginha;(75) 2508-8248;(17) 2073-0453
91;Mr;Joshua;Scott;male;22/04/1988;34;United States;Delaware;Coral Springs;(727) 884-5082;(873) 555-4701
92;Mrs;Avery;Martin;female;16/06/1951;71;Canada;British Columbia;Delta;M17 M39-7449;N21 X57-1698
93;Ms;Terri;Ortiz;female;12/03/1982;40;Australia;South Australia;Kalgoorlie;06-8428-2416;0468-427-001
94;Mr;Caspian;Herland;male;13/05/1947;75;Norway;Vestfold;Kristiansand;36007840;98947514
95;Mr;Albert;Simsek;male;31/03/2001;21;Netherlands;Limburg;Wijngaarden Zh;(000) 2368551;(06) 93534209
96;Miss;Debbie;Wade;female;25/06/1969;53;Australia;Victoria;Bowral;07-1478-3712;0484-523-723
97;Mr;Melvin;White;male;24/04/1979;43;Australia;Western Australia;Hobart;00-5536-8789;0404-620-560
98;Ms;Roswita;Gerling;female;10/11/1963;59;Germany;Thüringen;Wittingen;0661-9616056;0173-2515627
99;Mr;Deniz;Elmastaşoğlu;male;02/10/1969;53;Turkey;Trabzon;Bolu;(827)-673-0976;(896)-728-3926
